-- phpMyAdmin SQL Dump
-- version 4.6.4
-- https://www.phpmyadmin.net/
--
-- Host: 127.0.0.1
-- Generation Time: 2018-06-23 13:22:14
-- 服务器版本： 5.7.14
-- PHP Version: 5.6.25

SET SQL_MODE = "NO_AUTO_VALUE_ON_ZERO";
SET time_zone = "+00:00";


/*!40101 SET @OLD_CHARACTER_SET_CLIENT=@@CHARACTER_SET_CLIENT */;
/*!40101 SET @OLD_CHARACTER_SET_RESULTS=@@CHARACTER_SET_RESULTS */;
/*!40101 SET @OLD_COLLATION_CONNECTION=@@COLLATION_CONNECTION */;
/*!40101 SET NAMES utf8mb4 */;

--
-- Database: `test`
--

-- --------------------------------------------------------

--
-- 表的结构 `department`
--

CREATE TABLE `department` (
  `CSID` varchar(3) NOT NULL,
  `dept_name` varchar(10) NOT NULL
) ENGINE=MyISAM DEFAULT CHARSET=utf8;

--
-- 转存表中的数据 `department`
--

INSERT INTO `department` (`CSID`, `dept_name`) VALUES
('000', '英语语言文化学院'),
('001', '经济贸易学院'),
('002', '国际商务英语学院'),
('015', '商学院'),
('101', '会计学院'),
('100', '信息科学与技术学院'),
('007', '金融学院'),
('320', '中国语言文化学院'),
('330', '西方语言文化学院'),
('540', '东方语言文化学院'),
('777', '英语教育学院'),
('210', '高级翻译学院'),
('954', '政治与公共管理学院'),
('846', '新闻与传播学院'),
('472', '马克思主义学院'),
('666', '艺术学院'),
('998', '国际学院'),
('110', '法学院');

-- --------------------------------------------------------

--
-- 表的结构 `friend`
--

CREATE TABLE `friend` (
  `findex` int(10) NOT NULL,
  `UID` varchar(15) CHARACTER SET utf8 NOT NULL,
  `friendUID` varchar(15) CHARACTER SET utf8 NOT NULL,
  `relation` int(10) NOT NULL DEFAULT '0'
) ENGINE=MyISAM DEFAULT CHARSET=latin1;

--
-- 转存表中的数据 `friend`
--

INSERT INTO `friend` (`findex`, `UID`, `friendUID`, `relation`) VALUES
(1, '20182103908', '20180076205', 1),
(2, '20180076205', '20182103908', 1),
(3, '20181004917', '20182103908', 1),
(4, '20182103908', '20181004917', 1),
(5, '20180076205', '20181002792', 1),
(6, '20181002792', '20180076205', 1),
(7, '20180076205', '20181004917', 1),
(8, '20181004917', '20180076205', 1),
(9, '20181004917', '20180009738', 1),
(10, '20180009738', '20181004917', 1),
(11, '20180009738', '20181002792', 1),
(12, '20181002792', '20180009738', 1);

-- --------------------------------------------------------

--
-- 表的结构 `manager`
--

CREATE TABLE `manager` (
  `MID` varchar(15) CHARACTER SET utf8 NOT NULL,
  `pwd` varchar(20) CHARACTER SET utf8 NOT NULL,
  `admin_name` varchar(5) CHARACTER SET utf8 NOT NULL,
  `phone` varchar(11) CHARACTER SET utf8 NOT NULL,
  `email` varchar(15) CHARACTER SET utf8 DEFAULT NULL
) ENGINE=MyISAM DEFAULT CHARSET=latin1;

--
-- 转存表中的数据 `manager`
--

INSERT INTO `manager` (`MID`, `pwd`, `admin_name`, `phone`, `email`) VALUES
('12580', '12345', '超哥', '15521036587', 'chaoge@qq.com'),
('10086', '123456', '钰哥', '15521031234', 'yuge@qq.com');

-- --------------------------------------------------------

--
-- 表的结构 `msg`
--

CREATE TABLE `msg` (
  `msgIndex` int(10) NOT NULL,
  `UID1` varchar(15) CHARACTER SET utf8 NOT NULL,
  `UID2` varchar(15) CHARACTER SET utf8 NOT NULL,
  `content` varchar(500) CHARACTER SET utf8 NOT NULL,
  `readed` int(5) NOT NULL DEFAULT '0',
  `time` datetime NOT NULL
) ENGINE=MyISAM DEFAULT CHARSET=latin1;

--
-- 转存表中的数据 `msg`
--

INSERT INTO `msg` (`msgIndex`, `UID1`, `UID2`, `content`, `readed`, `time`) VALUES
(1, '20181004917', '20180076205', '在吗', 1, '2018-06-17 04:14:17'),
(2, '20181004917', '20180076205', 'hello', 1, '2018-06-17 04:23:17'),
(3, '20180076205', '20181004917', '在', 1, '2018-06-17 04:25:24'),
(4, '20180076205', '20181004917', '怎么了', 1, '2018-06-17 04:28:24'),
(5, '20180076205', '20182103908', '在不在 有事', 1, '2018-06-17 04:35:24'),
(6, '20181004917', '20180076205', '在干嘛', 1, '2018-06-17 04:42:17'),
(7, '20180076205', '20181004917', '没干嘛', 1, '2018-06-17 05:05:24'),
(8, '20180076205', '20181004917', '怎么了', 1, '2018-06-17 08:20:24'),
(9, '20181004917', '20180076205', '呵呵', 1, '2018-06-17 15:11:42'),
(10, '20181004917', '20180076205', '呵呵', 1, '2018-06-17 15:13:17'),
(11, '20181004917', '20180076205', '辣鸡', 1, '2018-06-17 15:13:28'),
(12, '20181004917', '20180076205', '在哪', 1, '2018-06-17 15:13:49'),
(13, '20181004917', '20180076205', '给我回来', 1, '2018-06-17 15:13:55'),
(14, '20180076205', '20181004917', '不回', 1, '2018-06-17 15:18:32'),
(15, '20180076205', '20181004917', '捶我', 1, '2018-06-17 15:18:44'),
(16, '20180076205', '20181004917', '哎呀', 1, '2018-06-17 15:18:47'),
(17, '20180076205', '20181004917', '你试试', 1, '2018-06-17 15:20:33'),
(18, '20181004917', '20180076205', '你有种', 1, '2018-06-17 15:20:45'),
(19, '20181004917', '20180076205', '有种别回来', 1, '2018-06-17 15:23:17'),
(20, '20181004917', '20180076205', '我弄不死你', 1, '2018-06-17 15:23:27'),
(21, '20181004917', '20180076205', '死人', 1, '2018-06-17 15:23:45'),
(22, '20181004917', '20180076205', '死人', 1, '2018-06-17 15:23:46'),
(23, '20181004917', '20180076205', '呵呵', 1, '2018-06-17 15:26:28'),
(24, '20180076205', '20181004917', '呵呵', 1, '2018-06-17 15:26:36'),
(25, '20181004917', '20180076205', '嘻嘻', 1, '2018-06-17 15:26:42'),
(26, '20180076205', '20181004917', '哈哈', 1, '2018-06-17 15:26:47'),
(27, '20180076205', '20181004917', '呵呵', 1, '2018-06-17 15:40:55'),
(28, '20180076205', '20181004917', '嘻嘻', 1, '2018-06-17 15:46:39'),
(29, '20180076205', '20181004917', '呵呵', 1, '2018-06-17 16:00:00'),
(30, '20180076205', '20181004917', '麻麻', 1, '2018-06-17 16:00:10'),
(31, '20180076205', '20181004917', '积极', 1, '2018-06-17 16:00:19'),
(32, '20180076205', '20181004917', '积极', 1, '2018-06-17 16:00:26'),
(33, '20180076205', '20181004917', '呵呵', 1, '2018-06-17 16:00:37'),
(34, '20181004917', '20180076205', 'nima', 1, '2018-06-17 16:01:31'),
(35, '20181004917', '20180076205', 'hhh', 1, '2018-06-17 16:01:37'),
(36, '20181004917', '20180076205', 'yyyy', 1, '2018-06-17 16:01:44'),
(37, '20181004917', '20180076205', '你好', 1, '2018-06-17 16:10:50'),
(38, '20180076205', '20181004917', '单反的', 1, '2018-06-17 16:10:59'),
(39, '20180076205', '20181004917', '2342', 1, '2018-06-17 16:11:08'),
(40, '20180076205', '20181004917', '343', 1, '2018-06-17 16:11:59'),
(41, '20180076205', '20181004917', '222', 1, '2018-06-17 16:12:04'),
(42, '20180076205', '20182103908', '呵呵', 1, '2018-06-17 19:39:52'),
(43, '20181004917', '20180076205', '123', 1, '2018-06-17 19:44:33'),
(44, '20181004917', '20180076205', '33333', 1, '2018-06-17 19:44:37'),
(45, '20181004917', '20180076205', '嗨', 1, '2018-06-17 20:48:57'),
(46, '20181004917', '20180076205', '嘿', 1, '2018-06-17 20:49:06'),
(47, '20181004917', '20180076205', '在不在', 1, '2018-06-17 20:49:12'),
(48, '20181004917', '20182103908', '嘿', 1, '2018-06-17 20:51:34'),
(49, '20181004917', '20182103908', '在吗', 1, '2018-06-17 20:51:43'),
(50, '20181004917', '20180076205', '呵呵呵', 1, '2018-06-17 20:53:45'),
(51, '20181004917', '20180076205', '死了吗', 1, '2018-06-17 20:53:49'),
(52, '20180076205', '20181004917', '在啊', 1, '2018-06-17 20:54:41'),
(53, '20181004917', '20180076205', '呵呵', 1, '2018-06-17 20:54:48'),
(54, '20181004917', '20180076205', '辣鸡', 1, '2018-06-17 20:54:58'),
(55, '20180076205', '20181004917', '你妈', 1, '2018-06-17 20:55:03'),
(56, '20180076205', '20181004917', '滚', 1, '2018-06-17 20:55:12'),
(57, '20180076205', '20181002792', '你好呀', 1, '2018-06-17 23:04:53'),
(58, '20180076205', '20181004917', '在吗', 1, '2018-06-17 23:40:28'),
(59, '20181004917', '20180076205', '不在', 1, '2018-06-17 23:40:49'),
(60, '20181004917', '20180009738', '嘿嘿', 1, '2018-06-18 03:09:25'),
(61, '20181004917', '20180009738', '哥哥', 1, '2018-06-18 03:09:29'),
(62, '20180009738', '20181004917', '在吗', 1, '2018-06-18 04:15:12'),
(63, '20180009738', '20181004917', '嗯？', 1, '2018-06-18 04:15:35'),
(64, '20181004917', '20180009738', '嗯嗯', 1, '2018-06-18 04:19:34'),
(65, '20181004917', '20180009738', '在呢吗', 1, '2018-06-18 04:19:39'),
(66, '20181004917', '20180009738', '嗨', 1, '2018-06-18 04:24:53'),
(67, '20181004917', '20180009738', '2222', 1, '2018-06-18 04:24:55'),
(68, '20181004917', '20180009738', '333', 1, '2018-06-18 04:25:13'),
(69, '20181004917', '20180009738', '33333', 1, '2018-06-18 04:27:06'),
(70, '20181004917', '20180009738', '11111111111', 1, '2018-06-18 04:27:49'),
(71, '20180009738', '20181004917', '22222222222222', 1, '2018-06-18 04:27:58'),
(72, '20180009738', '20181004917', '3333333333333333', 1, '2018-06-18 04:28:09'),
(73, '20181004917', '20180009738', '嘻嘻嘻', 1, '2018-06-19 00:32:30'),
(74, '20181004917', '20180009738', '222222222222222222', 1, '2018-06-19 00:45:58'),
(75, '20181004917', '20180009738', '555555555555555', 1, '2018-06-19 00:46:00'),
(76, '20180009738', '20181004917', 'hi', 0, '2018-06-19 15:59:24'),
(77, '20182108552', '20181004917', '小红小红', 1, '2018-06-19 16:54:21'),
(78, '20182108552', '20181004917', '在吗在吗', 1, '2018-06-19 16:54:32'),
(79, '20181004917', '20182108552', '在的', 1, '2018-06-19 16:54:40'),
(80, '20181004917', '20182108552', '请问你想喝什么呢', 1, '2018-06-19 16:54:58'),
(81, '20182108552', '20181004917', '焦糖奶茶加椰果', 1, '2018-06-19 16:55:12'),
(82, '20182108552', '20181004917', '常温', 1, '2018-06-19 16:55:20'),
(83, '20181004917', '20182108552', '好', 1, '2018-06-19 16:55:29'),
(84, '20180009738', '20181004917', '嘿嘿嘿', 0, '2018-06-19 16:55:55'),
(85, '20182108552', '20180009738', '小哥哥', 1, '2018-06-19 16:57:00'),
(86, '20182108552', '20180009738', '在吗', 1, '2018-06-19 16:57:03'),
(87, '20180009738', '20182108552', '？', 1, '2018-06-19 16:57:15'),
(88, '20186661102', '20181004917', '小红小红', 1, '2018-06-19 17:20:25'),
(89, '20186661102', '20181004917', '呼叫小红', 1, '2018-06-19 17:20:34'),
(90, '20181004917', '20186661102', '在的', 1, '2018-06-19 17:20:45'),
(91, '20186661102', '20181004917', '你要喝什么', 1, '2018-06-19 17:20:56'),
(92, '20181004917', '20186661102', '焦糖奶茶', 1, '2018-06-19 17:21:04'),
(93, '20186661102', '20181004917', '好', 1, '2018-06-19 17:21:13'),
(94, '20180009738', '20181004917', '呵呵', 0, '2018-06-19 17:21:32'),
(95, '20180009738', '20181004917', '我也想喝一点点', 0, '2018-06-19 17:21:39'),
(96, '20180009738', '20181004917', '呵呵', 0, '2018-06-19 17:21:54'),
(97, '20182108552', '20180009738', '在吗', 1, '2018-06-19 19:42:32'),
(98, '20180009738', '20182108552', '在吗', 1, '2018-06-19 20:13:01'),
(99, '20182108552', '20180009738', '在', 1, '2018-06-19 20:13:08'),
(100, '20182108552', '20180009738', '你在哪里', 1, '2018-06-19 20:13:31');

-- --------------------------------------------------------

--
-- 表的结构 `post`
--

CREATE TABLE `post` (
  `Pindex` int(10) NOT NULL,
  `PID` varchar(10) NOT NULL,
  `UID` varchar(15) NOT NULL,
  `user_name` varchar(5) NOT NULL,
  `title` varchar(100) NOT NULL,
  `content` text NOT NULL,
  `status` int(11) NOT NULL DEFAULT '0',
  `aUID` varchar(15) DEFAULT NULL,
  `time` datetime NOT NULL
) ENGINE=MyISAM DEFAULT CHARSET=utf8;

--
-- 转存表中的数据 `post`
--

INSERT INTO `post` (`Pindex`, `PID`, `UID`, `user_name`, `title`, `content`, `status`, `aUID`, `time`) VALUES
(1, '1806074967', '20180009738', '超哥', 'BAB大赛组队', '有没有人想参加校园BAB大赛的，现在缺2人，有意向参赛的朋友可以向我咨询哦', 0, NULL, '2018-06-07 00:09:23'),
(2, '1806072364', '20180009738', '超哥', '关于数据库考试', '请问师兄师姐们，数据库考试难吗？考试题型是什么', 0, NULL, '2018-06-07 00:12:05'),
(3, '1806076509', '20180009738', '超哥', '校园兼职', '需要几个小姐姐小哥哥兼职模特拍照，有意者联系我啊', 2, '20181004917', '2018-06-07 00:13:51'),
(4, '1806078018', '20180009738', '超哥', '出四六级书', '出四六级真题卷，10元/份，有意者联系', 2, '20181004917', '2018-06-07 00:15:09'),
(5, '1806091570', '20180009738', '超哥', '失物招领', '在运动场捡到若干现金和一个钱袋，请失主看到后及时联系我', 2, '20181004917', '2018-06-09 14:31:51'),
(6, '1806097264', '20181002792', '小明', '数学题', '概率论证明均匀分布的期望', 1, '20180009738', '2018-06-09 16:04:40'),
(7, '1806096132', '20181002792', '小明', '拿快递', '有人可以在中午12点前帮在师苑4栋拿个快递到12栋吗，急！！！', 1, '20180009738', '2018-06-09 16:05:41'),
(8, '1806099352', '20181002792', '小明', '体育爱好者聚集地', '喜欢跑步的童鞋可以加群33664399，在里面找跑伴啊', 1, '20180009738', '2018-06-09 16:05:48'),
(9, '1806037524', '20181004917', '小红', '寻物启事', '丢了个很重要的袋子，里面有身份证、社保卡，大概在教学区丢的，拾到请联系13977473185', 1, '20180009738', '2018-06-09 22:27:35'),
(10, '1806039787', '20182103908', '白雪', '英语兼职', '周六上午急需多名英语翻译，有意者请联系我', 0, NULL, '2018-06-09 22:46:22'),
(11, '1806037544', '20181004917', '小红', '寻物启事', '丢了个很重要的袋子，里面有身份证、社保卡，大概在教学区丢的，拾到请联系13977473185', 1, '20180009738', '2018-06-09 22:27:35'),
(12, '1806107879', '20180009738', '超哥', '代拿快递，急！！！在线等', '今晚6点前，师苑京东快递', 0, 'NULL', '2018-06-10 17:38:31'),
(13, '1806186154', '20180009738', '超哥哥', '贝岗一点点拼单', '12栋尽量', 0, NULL, '2018-06-18 23:59:11');

-- --------------------------------------------------------

--
-- 表的结构 `re_post`
--

CREATE TABLE `re_post` (
  `Rindex` int(10) NOT NULL,
  `RID` varchar(11) CHARACTER SET utf8 NOT NULL,
  `PID` varchar(10) CHARACTER SET utf8 NOT NULL,
  `UID` varchar(15) CHARACTER SET utf8 NOT NULL,
  `answer` text CHARACTER SET utf8 NOT NULL,
  `type` int(1) NOT NULL,
  `toUID` varchar(15) CHARACTER SET utf8 DEFAULT NULL,
  `time` datetime NOT NULL
) ENGINE=MyISAM DEFAULT CHARSET=latin1;

--
-- 转存表中的数据 `re_post`
--

INSERT INTO `re_post` (`Rindex`, `RID`, `PID`, `UID`, `answer`, `type`, `toUID`, `time`) VALUES
(1, '18060925584', '1806037544', '20182103908', '真的吗', 0, NULL, '2018-06-10 03:03:46'),
(2, '18060924501', '1806039787', '20180009738', '哈哈', 0, NULL, '2018-06-10 03:15:38'),
(3, '18060915740', '1806099352', '20180009738', '好呀好呀', 1, '20182103908', '2018-06-10 03:23:41'),
(4, '18061095992', '1806037544', '20180009738', '找到了吗', 0, NULL, '2018-06-10 17:34:16'),
(5, '18061072523', '1806039787', '20180009738', '薪酬怎么样', 0, NULL, '2018-06-10 17:35:24'),
(6, '18061053846', '1806117571', '20180009738', '重吗', 0, NULL, '2018-06-11 00:58:04'),
(7, '18061893479', '1806114115', '20180009738', '多新？', 0, NULL, '2018-06-18 23:58:33'),
(8, '18061941184', '1806194471', '20181004917', '重吗', 0, NULL, '2018-06-19 16:47:18'),
(9, '18061929338', '1806193652', '20181004917', '几时', 0, NULL, '2018-06-19 16:52:46');

-- --------------------------------------------------------

--
-- 表的结构 `user`
--

CREATE TABLE `user` (
  `UID` varchar(15) NOT NULL,
  `pwd` varchar(20) NOT NULL,
  `user_name` varchar(10) NOT NULL,
  `sex` tinyint(1) NOT NULL,
  `age` int(3) DEFAULT '0',
  `wechat` varchar(20) DEFAULT NULL,
  `phone` varchar(11) NOT NULL,
  `email` varchar(20) NOT NULL,
  `dormitory` varchar(10) NOT NULL,
  `dept_name` varchar(10) NOT NULL,
  `portraitURL` varchar(100) NOT NULL,
  `userLabel` varchar(20) DEFAULT NULL
) ENGINE=MyISAM DEFAULT CHARSET=utf8;

--
-- 转存表中的数据 `user`
--

INSERT INTO `user` (`UID`, `pwd`, `user_name`, `sex`, `age`, `wechat`, `phone`, `email`, `dormitory`, `dept_name`, `portraitURL`, `userLabel`) VALUES
('20181004917', '123456', '小红', 0, 10, 'dfdf', '13977473185', 'letile@163.com', '北苑3栋', '信息科学与技术学院', 'girl.png', '冰淇淋好吃呀'),
('20180076205', '123456', '黎明', 1, 50, '333', '15977498753', '123456@qq.com', '南苑12栋', '金融学院', 'boy.png', '小哥哥一枚'),
('20182103908', '123456', '白雪', 0, 42, 'sdfds', '18154698526', 'baixue@163.com', '北苑4栋', '高级翻译学院', 'girl.png', '好看的小姐姐'),
('20180009738', '12345', '超哥哥', 1, 18, 'ccl', '15521036587', 'ccl110@126.com', '南苑12栋', '信息科学与技术学院', 'superlin.jpg', '真渣渣'),
('20181002792', '12345', '小明', 1, 22, '222', '15902050204', '419084766@qq.com', '南苑13栋', '信息科学与技术学院', 'boy.png', NULL),
('20188461260', '12345', '小雪', 0, 12, 'xiaoxue', '15521034321', 'xiaoxue@qq.com', '', '新闻与传播学院', 'girl.png', '好看的小姐姐');

--
-- Indexes for dumped tables
--

--
-- Indexes for table `department`
--
ALTER TABLE `department`
  ADD PRIMARY KEY (`CSID`);

--
-- Indexes for table `friend`
--
ALTER TABLE `friend`
  ADD PRIMARY KEY (`findex`);

--
-- Indexes for table `manager`
--
ALTER TABLE `manager`
  ADD PRIMARY KEY (`MID`);

--
-- Indexes for table `msg`
--
ALTER TABLE `msg`
  ADD PRIMARY KEY (`msgIndex`),
  ADD KEY `UID1` (`UID1`),
  ADD KEY `UID2` (`UID2`);

--
-- Indexes for table `post`
--
ALTER TABLE `post`
  ADD PRIMARY KEY (`PID`),
  ADD KEY `UID` (`UID`),
  ADD KEY `Pindex` (`Pindex`);

--
-- Indexes for table `re_post`
--
ALTER TABLE `re_post`
  ADD PRIMARY KEY (`RID`),
  ADD KEY `UID` (`UID`),
  ADD KEY `PID` (`PID`),
  ADD KEY `Rindex` (`Rindex`);

--
-- Indexes for table `user`
--
ALTER TABLE `user`
  ADD PRIMARY KEY (`UID`),
  ADD UNIQUE KEY `phone` (`phone`,`email`);

--
-- 在导出的表使用AUTO_INCREMENT
--

--
-- 使用表AUTO_INCREMENT `friend`
--
ALTER TABLE `friend`
  MODIFY `findex` int(10) NOT NULL AUTO_INCREMENT, AUTO_INCREMENT=13;
--
-- 使用表AUTO_INCREMENT `msg`
--
ALTER TABLE `msg`
  MODIFY `msgIndex` int(10) NOT NULL AUTO_INCREMENT, AUTO_INCREMENT=101;
--
-- 使用表AUTO_INCREMENT `post`
--
ALTER TABLE `post`
  MODIFY `Pindex` int(10) NOT NULL AUTO_INCREMENT, AUTO_INCREMENT=14;
--
-- 使用表AUTO_INCREMENT `re_post`
--
ALTER TABLE `re_post`
  MODIFY `Rindex` int(10) NOT NULL AUTO_INCREMENT, AUTO_INCREMENT=10;
/*!40101 SET CHARACTER_SET_CLIENT=@OLD_CHARACTER_SET_CLIENT */;
/*!40101 SET CHARACTER_SET_RESULTS=@OLD_CHARACTER_SET_RESULTS */;
/*!40101 SET COLLATION_CONNECTION=@OLD_COLLATION_CONNECTION */;
